{"$schema":"http://schema.management.azure.com/schemas/2015-01-01/deploymentTemplate.json#","contentVersion":"1.0.0.0","parameters":{"factoryName":{"type":"string","metadata":"Data Factory name"},"PigmentExportAPI":{"type":"string"},"AzureDataLakeStorage":{"type":"string"}},"variables":{"factoryId":"[concat('Microsoft.DataFactory/factories/', parameters('factoryName'))]"},"resources":[{"name":"[concat(parameters('factoryName'), '/Pigment to ADLSv2')]","type":"Microsoft.DataFactory/factories/pipelines","apiVersion":"2018-06-01","properties":{"activities":[{"name":"GetAPIKey","type":"WebActivity","dependsOn":[],"policy":{"timeout":"0.12:00:00","retry":0,"retryIntervalInSeconds":30,"secureOutput":false,"secureInput":false},"userProperties":[],"typeProperties":{"url":"https://example.vault.azure.net/secrets/example/example?api-version=7.0","connectVia":{"referenceName":"AutoResolveIntegrationRuntime","type":"IntegrationRuntimeReference"},"method":"GET","headers":{},"authentication":{"type":"MSI","resource":"https://vault.azure.net"}}},{"name":"Set Export API Key","type":"SetVariable","dependsOn":[{"activity":"GetAPIKey","dependencyConditions":["Succeeded"]}],"policy":{"secureOutput":true,"secureInput":true},"userProperties":[],"typeProperties":{"variableName":"PigmentExportKey","value":{"value":"@activity('GetAPIKey').output.value","type":"Expression"}}},{"name":"LoadPigmentCSVToADLSv2","type":"Copy","dependsOn":[{"activity":"Set Export API Key","dependencyConditions":["Succeeded"]}],"policy":{"timeout":"0.12:00:00","retry":0,"retryIntervalInSeconds":30,"secureOutput":false,"secureInput":false},"userProperties":[],"typeProperties":{"source":{"type":"DelimitedTextSource","storeSettings":{"type":"HttpReadSettings","requestMethod":"GET","additionalHeaders":{"value":"@{concat('x-pigment-api-key: ',variables('PigmentExportKey'))}","type":"Expression"},"requestTimeout":""},"formatSettings":{"type":"DelimitedTextReadSettings"}},"sink":{"type":"DelimitedTextSink","storeSettings":{"type":"AzureBlobFSWriteSettings"},"formatSettings":{"type":"DelimitedTextWriteSettings","quoteAllText":true,"fileExtension":".txt"}},"enableStaging":false,"translator":{"type":"TabularTranslator","typeConversion":true,"typeConversionSettings":{"allowDataTruncation":true,"treatBooleanAsNumber":false}}},"inputs":[{"referenceName":"PigmentExport","type":"DatasetReference","parameters":{"application_id":"eb17a15b-f454-4355-8eb7-80a3afa15913","list_view_id":"0e7c65be-fae2-4306-b9f4-f3a3fa3a56aa"}}],"outputs":[{"referenceName":"CSVBlobStore","type":"DatasetReference","parameters":{}}]}],"policy":{"elapsedTimeMetric":{}},"variables":{"PigmentExportKey":{"type":"String"}},"annotations":[]},"dependsOn":["[concat(variables('factoryId'), '/datasets/PigmentExport')]","[concat(variables('factoryId'), '/datasets/CSVBlobStore')]"]},{"name":"[concat(parameters('factoryName'), '/PigmentExport')]","type":"Microsoft.DataFactory/factories/datasets","apiVersion":"2018-06-01","properties":{"linkedServiceName":{"referenceName":"[parameters('PigmentExportAPI')]","type":"LinkedServiceReference"},"parameters":{"application_id":{"type":"string","defaultValue":"eb17a15b-f454-4355-8eb7-80a3afa15913"},"list_view_id":{"type":"string","defaultValue":"0e7c65be-fae2-4306-b9f4-f3a3fa3a56aa"}},"annotations":[],"type":"DelimitedText","typeProperties":{"location":{"type":"HttpServerLocation","relativeUrl":{"value":"@concat(dataset().application_id,'/view/ExportListData/',dataset().list_view_id)","type":"Expression"}},"columnDelimiter":";","escapeChar":"\\","firstRowAsHeader":true,"quoteChar":"\""},"schema":[]},"dependsOn":[]},{"name":"[concat(parameters('factoryName'), '/CSVBlobStore')]","type":"Microsoft.DataFactory/factories/datasets","apiVersion":"2018-06-01","properties":{"linkedServiceName":{"referenceName":"[parameters('AzureDataLakeStorage')]","type":"LinkedServiceReference"},"annotations":[],"type":"DelimitedText","typeProperties":{"location":{"type":"AzureBlobFSLocation","fileName":{"value":"@concat('PigmentExport+',utcnow(),'.csv')","type":"Expression"},"folderPath":"PigmentExport","fileSystem":"export"},"columnDelimiter":";","escapeChar":"\\","firstRowAsHeader":true,"quoteChar":"\""},"schema":[]},"dependsOn":[]},{"name":"[concat(parameters('factoryName'), '/default')]","type":"Microsoft.DataFactory/factories/managedVirtualNetworks","apiVersion":"2018-06-01","properties":{},"dependsOn":[]}]}